Method,Rank-1,Rank-5,mAP
Pose Only,0.0012857602057216328,0.00932176149148184,0.0026233695023350455
Pose + Hair,0.006235154394299287,0.020783847980997625,0.0033827043009521723
